id,first_name,last_name,email,ipv4,ipv6
1,Ethe,Book,ebook0@twitter.com,67.61.243.220,161a:e1fd:dd58:cb95:5001:ab66:ab72:f082
2,Myranda,Tire,mtire1@vkontakte.ru,151.194.73.229,d3cc:afc0:ed75:4c3a:4a6f:843b:992b:c341
3,Remus,Dorian,rdorian2@twitpic.com,204.220.73.121,d3cc:afc0:ed75:4c3a:4a6f:843b:992b:c341
4,Stesha,Suddock,ssuddock3@ycombinator.com,104.209.4.89,618f:fb9e:653c:e1cc:f96c:82cc:b33a:24c6
5,Serge,Daws,sdaws4@usgs.gov,111.173.74.111,d3cc:afc0:ed75:4c3a:4a6f:843b:992b:c341
6,Ettie,Maddison,emaddison5@fastcompany.com,35.1.210.212,d3cc:afc0:ed75:4c3a:4a6f:843b:992b:c341
7,Giffy,Biernat,gbiernat6@fastcompany.com,52.23.72.93,d3cc:afc0:ed75:4c3a:4a6f:843b:992b:c341
8,Vitoria,Ommundsen,vommundsen7@narod.ru,104.209.4.89,baa5:18b4:ed64:2429:4a70:2eef:d652:4a7b
9,Mirella,Wisden,mwisden8@homestead.com,104.209.4.89,d3cc:afc0:ed75:4c3a:4a6f:843b:992b:c341
10,Ami,Santus,asantus9@archive.org,235.3.35.99,979d:1e49:2b44:cf67:f49e:0adf:e718:bfa1